Bankrupt?, Current Ratio, Retained Earnings to Total Assets, ROA(C) before interest and depreciation before interest, Net worth/Assets
1,0.002258963,0.903224771,0.370594257,0.792423739
1,0.006016206,0.931065218,0.464290937,0.828823654
1,0.011542554,0.909903362,0.426071272,0.792484204
1,0.004194059,0.906902159,0.399844001,0.848535236
1,0.006022446,0.913850197,0.465022181,0.893490945
1,0.002740085,0.903041267,0.388680349,0.819572513
1,0.00429203,0.908947698,0.416126359,0.780391208
1,0.00212355,0.868460717,0.462194706,0.771109835
1,0.003198118,0.920882488,0.453029786,0.78964235
1,0.002891099,0.91282594,0.472090869,0.764700547
1,0.004328848,0.841966378,0.066933164,0.678628654
1,0.003327915,0.915031112,0.406668942,0.778547027
1,0.00656285,0.920323044,0.432749963,0.814916709
1,0.005892025,0.934494715,0.504363087,0.80823533
1,0.003568164,0.931547845,0.470677132,0.803609759
1,0.004984696,0.909745325,0.470140886,0.837953865
1,0.006351306,0.929417374,0.456101009,0.810260906
1,0.007389681,0.923377543,0.454346024,0.835202709
1,0.007475796,0.932464314,0.468142154,0.824923663
1,0.006496704,0.926596561,0.465314678,0.798772561
1,0.002573471,0.918323291,0.447228587,0.818151586
1,0.003650535,0.922436162,0.456344757,0.809535327
1,0.003578772,0.902171489,0.345780724,0.799679536
1,0.004866755,0.931610241,0.469458392,0.867944493
1,0.002169728,0.884894515,0.440842393,0.803065574
1,0.004006852,0.904351889,0.370106762,0.800314418
1,0.003983139,0.921638976,0.438112417,0.824046921
1,0.006209029,0.922503066,0.506361819,0.780028419
1,0.003245544,0.890684009,0.453956028,0.753423829
1,0.002763798,0.846494745,0.311314776,0.706291381
1,0.013256745,0.928317018,0.44688734,0.824560873
1,0.00358938,0.908281141,0.410178911,0.78855398
1,0.005183135,0.929396075,0.44795983,0.768116818
1,0.001817155,0.894696163,0.392385317,0.815037639
1,0.003262392,0.913020361,0.401355238,0.743023853
1,0.004288286,0.929930021,0.4913957,0.832481785
1,0.007130711,0.914539521,0.40116024,0.784351664
1,0.008703249,0.936765828,0.480183298,0.803035342
1,0.005548813,0.933519125,0.498513138,0.793874898
1,0.007925092,0.930257022,0.469799639,0.807812075
1,0.006817451,0.872127949,0.406035197,0.883181667
1,0.007306685,0.932146765,0.46404719,0.823200411
1,0.007451459,0.923828736,0.475795837,0.811772531
1,0.001297344,0.909091383,0.433871204,0.755268011
1,0.003727913,0.932367185,0.477599571,0.831756205
1,0.006796859,0.901144134,0.39082533,0.846025939
1,0.003276745,0.914635424,0.433383708,0.763581945
1,0.011342866,0.933906541,0.480134549,0.814856245
1,0.003236183,0.905277282,0.431823722,0.866009614
1,0.107802472,0.882223386,0.433676205,0.99891163
1,0.007451459,0.923033507,0.44118364,0.826919007
1,0.003994995,0.934702252,0.493881929,0.824651571
1,0.005883289,0.934738873,0.488275728,0.792514436
1,0.003271129,0.880487934,0.360795593,0.841339904
1,0.002328854,0.93141028,0.484960757,0.79596094
1,0.007415889,0.924882104,0.460098474,0.81261904
1,0.005843352,0.935399654,0.512358017,0.85793754
1,0.004071126,0.9205638,0.420465071,0.856667775
1,0.005290467,0.93508567,0.505874324,0.816186474
1,0.003703577,0.912694436,0.463657193,0.836532938
1,0.004753807,0.91858858,0.468629649,0.836744566
1,0.012971566,0.933164409,0.487885731,0.860386371
1,0.006758793,0.907921884,0.499780627,0.812528343
1,0.001853972,0.924144568,0.458733486,0.785772591
1,0.003458336,0.905311802,0.370496758,0.836260846
1,0.009193731,0.927626603,0.443084873,0.824923663
1,0.008994668,0.92173281,0.443523619,0.895576987
1,0.005275491,0.936187345,0.498903135,0.821749252
1,0.01519184,0.854834083,0.024277288,0.929860628
1,0.006445534,0.899659604,0.459220982,0.81978414
1,0.004453028,0.910702375,0.411300151,0.768298213
1,0.003101394,0.927387952,0.491493199,0.880067721
1,0.008924777,0.932292692,0.479744552,0.855095686
1,0.002374408,0.910578421,0.416516355,0.833479457
1,0.006172212,0.930467637,0.471310876,0.834446897
1,0.004526663,0.925291388,0.480427046,0.784351664
1,0.005350373,0.917744617,0.438453664,0.841249206
1,0.003461456,0.910202775,0.432116219,0.786800496
1,0.00992259,0.93604721,0.506020572,0.804909756
1,0.013703545,0.872770124,0.369765515,0.891344439
1,0.003080178,0.909661538,0.448447326,0.812407413
1,0.009238661,0.838188848,0.201969483,0.805212081
1,0.013320395,0.887463919,0.377955443,0.891556066
1,0.003843358,0.837567977,0.270365134,0.760921486
1,0.012484204,0.892959364,0.434114951,0.880732836
1,0.008023688,0.909487104,0.387169112,0.835807359
1,0.008464248,0.923855785,0.435236192,0.824470176
1,0.004463637,0.924267613,0.46853215,0.782447018
1,0.018887305,0.904116027,0.356700629,0.898872328
1,0.003988755,0.816213466,0.280310047,0.728542492
1,0.002336966,0.925527391,0.475990835,0.80058651
1,0.004736959,0.904120144,0.443816117,0.772893551
1,0.004117928,0.899359271,0.448788573,0.764307525
1,0.003704825,0.871284437,0.207721932,0.707409983
1,0.01278748,0.931435729,0.462145956,0.852525924
1,0.007367216,0.919175339,0.414712621,0.779665629
1,0.009034605,0.937486817,0.519767952,0.902802552
1,0.005246161,0.907144499,0.392775313,0.69462164
1,0.005096396,0.888249444,0.27772632,0.673065877
1,0.014632716,0.89368244,0.310973529,0.833207365
1,0.003987507,0.913453605,0.407058938,0.80022372
1,0.006584067,0.906835807,0.431043728,0.765547057
1,0.00667767,0.884123905,0.233851704,0.897360704
1,0.005926347,0.940051554,0.576951202,0.843758503
1,0.00541652,0.858314494,0.208160679,0.750037791
1,0.008362532,0.931744241,0.498708136,0.814281827
1,0.008713233,0.925334765,0.448203578,0.872751459
1,0.003952562,0.930598525,0.491200702,0.852858482
1,0.008356916,0.888403396,0.3486082,0.82731203
1,0.000719499,0.804014459,0.438794911,0.668107749
1,0.007672363,0.928747193,0.476819578,0.817214379
1,0.008016824,0.914094925,0.439623653,0.853977084
1,0.002587199,0.869387641,0.384975381,0.723886689
1,0.002672691,0.910030597,0.466728416,0.781328416
1,0.009058318,0.92642941,0.497489397,0.799074886
1,0.006277047,0.902913537,0.367084288,0.785016779
1,0.01172664,0.928634237,0.443669868,0.885056081
1,0.006486095,0.915840016,0.386584117,0.785560964
1,0.015661106,0.911032638,0.417540097,0.873114249
1,0.007731021,0.935359765,0.466435919,0.820026
1,0.009671109,0.935812787,0.457904743,0.832572482
1,0.010373135,0.91777482,0.417491347,0.845239895
1,0.007737261,0.923353861,0.435138693,0.786921426
1,0.013487633,0.926990007,0.446643592,0.846207334
1,0.004964727,0.934524899,0.500511871,0.811046951
1,0.009163154,0.930044598,0.457904743,0.80034465
1,0.008746931,0.89828104,0.450641057,0.810895789
1,0.007342879,0.93731161,0.494418174,0.768509841
1,0.005163166,0.928536148,0.470482133,0.81431206
1,0.008077354,0.929099556,0.46624092,0.806723705
1,0.007813392,0.930573974,0.466825915,0.800314418
1,0.006220261,0.891517988,0.353678155,0.718777398
1,0.010559093,0.93819034,0.489933213,0.853130574
1,0.008190926,0.887981969,0.383756642,0.835172476
1,0.006839292,0.919510056,0.439233657,0.793874898
1,0.004205915,0.828564597,0.41261639,0.851286392
1,0.007828369,0.894707512,0.449958563,0.812649273
1,0.075917392,0.873136135,0.340174523,0.983190737
1,0.025348439,0.911240867,0.392970312,0.852858482
1,0.01089669,0.95524518,0.492419441,0.906249055
1,0.009151922,0.745877426,0.240579145,0.813798107
1,0.005966284,0.923606473,0.459220982,0.793935363
1,0.00646363,0.867907888,0.247501584,0.752637785
1,0.009440844,0.928528317,0.454638522,0.805846963
1,0.008112923,0.93045371,0.459123483,0.782567948
1,0.007478916,0.842346726,0.375030468,0.838800375
1,0.001086424,0.901883025,0.393701555,0.704809989
1,0.002705764,0.912301797,0.361526837,0.804214409
1,0.001260526,0.843976817,0.404036465,0.661517066
1,0.002554126,0.912138876,0.473650856,0.723130876
1,0.000355069,0.930435133,0.482084532,0.769326118
1,0.006938512,0.92625076,0.441476137,0.873688666
1,0.002961613,0.926298488,0.446936089,0.792726063
1,0.004136025,0.920655754,0.447472335,0.803005109
1,0.005080795,0.901862013,0.428118754,0.842065484
1,0.008154109,0.937340774,0.470530883,0.862411948
1,0.003271129,0.886735076,0.325793399,0.711340206
1,0.018102908,0.932734257,0.495539414,0.919611815
1,0.004021204,0.913148656,0.424901282,0.810684161
1,0.002429946,0.902946483,0.494369424,0.827251565
1,0.003671127,0.91223093,0.393262809,0.836049218
1,0.006381259,0.921701056,0.430263735,0.84457478
1,0.004223388,0.898534702,0.446497343,0.802460925
1,0.007138823,0.908932586,0.472188368,0.805967893
1,0.004270189,0.926169248,0.460927217,0.805605103
1,0.008014952,0.892879725,0.407838931,0.870604952
1,0.007673611,0.919759233,0.39199532,0.787042356
1,0.008305746,0.930413285,0.483157022,0.877377029
1,0.002730725,0.90837685,0.445278604,0.810381836
1,0.012723829,0.847514314,0.278213816,0.877890982
1,0.004750687,0.878069904,0.330180861,0.881609578
1,0.005855832,0.929911963,0.481402038,0.83825619
1,0.009324152,0.829936989,0.102325355,0.807600447
1,0.011277344,0.935858288,0.480914542,0.842277111
1,0.019287303,0.795534997,0.242821625,0.929558303
1,0.008038664,0.872555421,0.519816702,0.823109714
1,0.005216208,0.873295445,0.258665237,0.877800284
1,0.000876128,0.883764848,0.505971823,0.767361006
1,0.0038003,0.90022878,0.374201726,0.798077214
1,0.006849277,0.920091096,0.451031053,0.782779575
1,0.008249584,0.90882511,0.407400185,0.809656257
1,0.004723854,0.938484043,0.473212109,0.865586359
1,0.00802868,0.891757808,0.38741286,0.798651631
1,0.00840247,0.932301129,0.477989568,0.934093177
1,0.002032443,0.898300689,0.324477161,0.846479427
1,0.004196555,0.911340548,0.420416321,0.821991112
1,0.017131304,0.762047122,0.397894018,0.934546664
1,0.007465187,0.860451365,0.335543314,0.82111437
1,0.007409025,0.921548329,0.455808512,0.808749282
1,0.002024331,0.906519839,0.4685809,0.842488738
1,0.003115747,0.922643076,0.485789499,0.848958491
1,0.006036175,0.808266798,0.126456394,0.756295916
1,0.015500732,0.904383107,0.38395164,0.814735315
1,0.006127282,0.905385154,0.367815532,0.750461045
1,0.00650544,0.931491042,0.497538147,0.809505094
1,0.006211525,0.72919562,0.388192853,0.826253892
1,0.003505137,0.917495676,0.467020914,0.807328355
1,0.004917301,0.900280907,0.437088675,0.792423739
1,0.004749439,0.878007435,0.449276069,0.767512169
1,0.004737583,0.860612625,0.299809877,0.819512048
1,0.004001236,0.914446055,0.424901282,0.775160988
1,0.00845364,0.934634543,0.469214644,0.879009584
1,0.014399955,0.868608915,0.34397699,0.911025788
1,0.005561917,0.938769319,0.497879394,0.818121353
1,0.005127597,0.90736297,0.395212792,0.836109683
1,0.006107313,0.91005676,0.430556233,0.799860931
1,0.00656285,0.911195355,0.448349827,0.782447018
1,0.001822771,0.876916911,0.444011115,0.773891224
1,0.006541009,0.919303573,0.413786379,0.781177253
1,0.008594045,0.926768647,0.452444791,0.814705082
1,0.006431181,0.902607313,0.331594599,0.765123802
1,0.004481733,0.822655344,0.320625945,0.81334462
1,0.00803804,0.895212965,0.356018135,0.830365511
1,0.00671948,0.920257055,0.436942427,0.772681924
1,0.005155054,0.915998266,0.418368839,0.798198144
1,0.00640934,0.87393655,0.418515088,0.78344469
1,0.004788129,0.777636588,0.196802028,0.474589594
1,0.005644288,0.852515848,0.337639546,0.731293648
1,0.00467206,0.879444615,0.340028275,0.730961091
1,0.007014019,0.933467259,0.492175693,0.83813526
0,0.00467206,0.911441408,0.390922829,0.783898177
0,0.00965738,0.935449309,0.508360552,0.891797926
0,0.013498866,0.935200209,0.488519475,0.941409439
0,0.011474535,0.938289897,0.495685663,0.878707259
0,0.006097329,0.942828956,0.482474528,0.896423497
0,0.00862899,0.932955215,0.444401111,0.905614173
0,0.006630869,0.930139635,0.491151952,0.855337546
0,0.010100437,0.930763203,0.474040852,0.89343048
0,0.018859224,0.940251658,0.506703066,0.910360674
0,0.01133101,0.93354091,0.513820504,0.900928137
0,0.006217765,0.942018219,0.488909472,0.938718747
0,0.01615658,0.948858907,0.53595281,0.921274602
0,0.007219946,0.935009282,0.504070589,0.858663119
0,0.013358461,0.933563971,0.487398235,0.922514134
0,0.026719417,0.93976514,0.485253254,0.903649061
0,0.015759077,0.937920805,0.504558085,0.899265351
0,0.007162536,0.936223802,0.51201677,0.853493364
0,0.005166287,0.938561233,0.49485692,0.806965565
0,0.005716051,0.933883562,0.509969288,0.805484173
0,0.006329465,0.923742746,0.444986106,0.853251504
0,0.005563789,0.942045501,0.519280456,0.907942075
0,0.021880743,0.943096297,0.54740896,0.96390241
0,0.015599951,0.937685848,0.500853118,0.910421139
0,0.003358492,0.908330179,0.476088334,0.791758624
0,0.008700753,0.93747354,0.505874324,0.883151435
0,0.011385924,0.937101764,0.486374494,0.93766061
0,0.010821183,0.934730337,0.494369424,0.875895637
0,0.006622132,0.938233789,0.475162092,0.877377029
0,0.006099825,0.927407109,0.462925949,0.860718929
0,0.009493262,0.930539498,0.478915809,0.852798017
0,0.019165619,0.932102119,0.481060791,0.904616501
0,0.016869838,0.934363318,0.486228246,0.91991414
0,0.008481721,0.932853038,0.507824307,0.881125858
0,0.005397799,0.942100288,0.48915322,0.93097923
0,0.011685455,0.945429866,0.511188027,0.91335369
0,0.006009966,0.938496381,0.523034173,0.862018926
0,0.010436161,0.935180058,0.508848048,0.908849049
0,0.021259216,0.94055514,0.488958222,0.905765335
0,0.016698856,0.937669899,0.502120606,0.900323488
0,0.007109494,0.937543557,0.523082923,0.85805847
0,0.005312932,0.939119704,0.493345683,0.798893491
0,0.005530092,0.932966188,0.505630576,0.815339964
0,0.00394757,0.9211574,0.469555891,0.84578408
0,0.004952247,0.941752414,0.523716667,0.908395562
0,0.014818675,0.937410454,0.521912933,0.948151283
0,0.010818063,0.936300905,0.503193097,0.906097893
0,0.004294526,0.903544494,0.48223078,0.797140007
0,0.006952864,0.936347817,0.488519475,0.858451492
0,0.018572173,0.942043664,0.476478331,0.958369864
0,0.014752528,0.928823726,0.488129479,0.877588657
0,0.007207466,0.934188186,0.469165895,0.883786317
0,0.006465502,0.931638648,0.48227953,0.847900354
0,0.0063875,0.929574206,0.464193438,0.841611996
0,0.018921002,0.933718216,0.475893336,0.899446745
0,0.010226489,0.927521695,0.473504607,0.9142002
0,0.013543795,0.932855984,0.503534344,0.886688636
0,0.007589992,0.941790765,0.478330815,0.934576896
0,0.012313846,0.940692863,0.496368157,0.859993349
0,0.008744434,0.942619685,0.544825233,0.897209541
0,0.011506984,0.939887837,0.520060449,0.917918796
0,0.016748154,0.940056133,0.488811973,0.901502555
0,0.021116939,0.942446954,0.532394092,0.9058258
0,0.006356922,0.938416026,0.525032906,0.870967742
0,0.007561287,0.939490544,0.489543216,0.803337667
0,0.005111997,0.935860147,0.512553015,0.817939958
0,0.003534466,0.932608836,0.481938283,0.843335248
0,0.007399041,0.947071789,0.540145274,0.910662998
0,0.029896319,0.937759735,0.523034173,0.959941954
0,0.017272333,0.937901496,0.505923073,0.928137376
0,0.006055519,0.890634803,0.480622045,0.800767905
0,0.007285469,0.935490858,0.480085799,0.861081718
0,0.020259531,0.942644715,0.474674597,0.951295462
0,0.009240533,0.929281716,0.464485936,0.852979412
0,0.006749433,0.935256306,0.489348218,0.869788675
0,0.004332592,0.932474784,0.47769707,0.840311999
0,0.008524154,0.929809936,0.463169697,0.838891072
0,0.01747202,0.931455733,0.4685809,0.887293285
0,0.009318536,0.926685637,0.476673329,0.908063005
0,0.012788728,0.937256539,0.521620436,0.895818847
0,0.008302626,0.948081249,0.50514308,0.940744324
0,0.011206829,0.941712687,0.488616975,0.87471657
0,0.01045613,0.939097145,0.512991761,0.889318862
0,0.009097632,0.94295667,0.529859114,0.906974635
0,0.01893785,0.939296757,0.474187101,0.952172204
0,0.019968112,0.942993144,0.496806903,0.908546724
0,0.007234299,0.941180331,0.52688539,0.879221211
0,0.008298882,0.941691237,0.484278263,0.804184176
0,0.005926347,0.93727788,0.513820504,0.839012002
0,0.004255213,0.934138241,0.48340077,0.840674789
0,0.009475165,0.943543262,0.538439039,0.929195513
0,0.024371219,0.935067187,0.502705601,0.90788161
0,0.016051744,0.937744832,0.49602691,0.918614143
0,0.007311054,0.940010767,0.496124409,0.865435197
0,0.007216202,0.943071757,0.522741676,0.868337515
0,0.006906687,0.931717332,0.446302345,0.90630952
0,0.005027129,0.924905685,0.438746161,0.85198174
0,0.010437409,0.934534782,0.503241847,0.884663059
0,0.027990552,0.936722179,0.454199776,0.972639599
0,0.021936905,0.932266767,0.479354556,0.951446625
0,0.009986864,0.944796324,0.550723931,0.936088521
0,0.015552526,0.935500775,0.501194365,0.938809445
0,0.009649268,0.935612599,0.485594501,0.858391027
0,0.010814943,0.933508571,0.479452055,0.889228165
0,0.010081716,0.940632554,0.484229513,0.895637452
0,0.003223079,0.896988131,0.384926632,0.861988693
0,0.005495771,0.930078706,0.479354556,0.846298032
0,0.00975036,0.927051004,0.450397309,0.884390967
0,0.013496994,0.934835229,0.517184225,0.922967621
0,0.014219612,0.957603554,0.492663189,0.907428122
0,0.075811308,0.946518295,0.500073124,0.911328113
0,0.006092337,0.940005629,0.504753083,0.860930556
0,0.005032122,0.94283092,0.527616633,0.875653778
0,0.014816802,0.941547257,0.532979086,0.916890891
0,0.007988743,0.940977775,0.524204163,0.855095686
0,0.018818038,0.948291057,0.506508068,0.91323276
0,0.012512285,0.951351477,0.530736606,0.888623515
0,0.007841473,0.939561351,0.470287135,0.892553738
0,0.011156283,0.941294675,0.516306732,0.879825861
0,0.012110415,0.941093086,0.508311802,0.8688817
0,0.017043941,0.932900561,0.477209574,0.911509508
0,0.012264548,0.928539736,0.468142154,0.848837561
0,0.015416489,0.936813058,0.50855555,0.855488708
0,0.013795277,0.93701903,0.488665724,0.936783868
0,0.017150649,0.929953336,0.469555891,0.890437464
0,0.006938512,0.938541378,0.500121874,0.908063005
0,0.019606179,0.944778193,0.567055038,0.931160625
0,0.006050527,0.91591844,0.463364696,0.798228376
0,0.026150932,0.937197138,0.492858187,0.920881579
0,0.018990892,0.93915298,0.493248184,0.912235088
0,0.003609349,0.860211343,0.479890801,0.893823503
0,0.007304813,0.943531167,0.546677717,0.889258397
0,0.012185297,0.938041638,0.479354556,0.878525864
0,0.017002131,0.937403161,0.520742943,0.897723494
0,0.016293865,0.943051861,0.480622045,0.923209481
0,0.059831951,0.940513351,0.485350753,0.908516492
0,0.013518835,0.946288332,0.528884122,0.877467727
0,0.007578135,0.935463179,0.488811973,0.891767694
0,0.010020562,0.940014804,0.527616633,0.914774617
0,0.010687642,0.940454915,0.517184225,0.886204916
0,0.012939117,0.953329515,0.5200117,0.909695559
0,0.013616182,0.948544772,0.529566616,0.879735163
0,0.007372832,0.94167272,0.480378297,0.895214197
0,0.014774993,0.948519733,0.546482718,0.897511866
0,0.011063928,0.945670681,0.529566616,0.884723524
0,0.021069513,0.936674055,0.469165895,0.897209541
0,0.01698341,0.92532005,0.445522352,0.849351513
0,0.013042081,0.938087397,0.507970555,0.880883998
0,0.025146255,0.941129609,0.502218106,0.959639629
0,0.032568385,0.93257186,0.483742017,0.873023551
0,0.007398417,0.930975103,0.465314678,0.90035372
0,0.020524741,0.942387039,0.533417833,0.935211779
0,0.006755673,0.924961476,0.496221908,0.848746863
0,0.015092621,0.940965173,0.496563155,0.931432718
0,0.021167485,0.941174501,0.49831814,0.918795538
0,0.004024948,0.926639818,0.460244723,0.916739729
0,0.007548182,0.944512689,0.521084191,0.895304895
0,0.011536937,0.949404752,0.526154146,0.924055991
0,0.00819467,0.932981628,0.520694194,0.869788675
0,0.015878266,0.937374266,0.483985765,0.922242041
0,0.023355933,0.942149995,0.507629308,0.966593101
0,0.011184989,0.956821091,0.550187686,0.902621157
0,0.006711992,0.939621031,0.481304539,0.892463041
0,0.012553471,0.940529014,0.527470385,0.934758291
0,0.008310114,0.935852717,0.492955687,0.855398011
0,0.012062989,0.952803752,0.514551748,0.921607159
0,0.011235534,0.948129471,0.519036708,0.871814252
0,0.008023064,0.941775142,0.501925608,0.878888654
0,0.006321353,0.935350358,0.496319407,0.866765426
0,0.005961916,0.930250615,0.472285867,0.882758412
0,0.020786831,0.932288869,0.479452055,0.957795447
0,0.004250845,0.926887834,0.452932287,0.86924449
0,0.008489209,0.916081675,0.427826257,0.873658433
0,0.006276423,0.932558622,0.46970214,0.921909484
0,0.011740369,0.923824887,0.438794911,0.934667594
0,0.003359116,0.921560747,0.464973431,0.882456087
0,0.01730603,0.921216955,0.487495734,0.902621157
0,0.006385003,0.937286468,0.511090528,0.878646794
0,0.008509802,0.931854429,0.480232048,0.871784019
0,0.010708859,0.935607152,0.468093404,0.941983856
0,0.008944746,0.939859952,0.496465656,0.909907186
0,0.010529764,0.935946138,0.49368693,0.896937449
0,0.00644491,0.930353765,0.469019646,0.862139855
0,0.005228689,0.940009705,0.490128211,0.909604861
0,0.015450186,0.955362569,0.589138595,0.920972277
0,0.008634606,0.939877358,0.480475796,0.9320676
0,0.01062524,0.926723799,0.458489738,0.897118844
0,0.007407153,0.928822625,0.46975089,0.866493334
0,0.006449278,0.936876083,0.492321942,0.892583971
0,0.003670503,0.922553676,0.440988641,0.841007346
0,0.009070175,0.932819508,0.488178228,0.880067721
0,0.007017763,0.94014745,0.528445376,0.932883877
0,0.023392751,0.943570454,0.514941744,0.954862896
0,0.009298567,0.935626524,0.4970994,0.845572452
0,0.0116087,0.944436187,0.517866719,0.92027693
0,0.009913854,0.949628878,0.491151952,0.959881489
0,0.005871433,0.940446712,0.528981621,0.916074614
0,0.028928459,0.943882936,0.484375762,0.977658191
0,0.009349737,0.952201477,0.544093989,0.911600206
0,0.008780004,0.941799187,0.542485253,0.857272425
0,0.005656145,0.933458198,0.501486862,0.807691145
0,0.007222442,0.939498889,0.52683664,0.859267769
0,0.006935392,0.93440005,0.487300736,0.759409862
0,0.005623695,0.934002672,0.504168089,0.865223569
0,0.013669848,0.935135345,0.507239312,0.915953684
0,0.007120103,0.929929327,0.474089602,0.865646824
0,0.007640538,0.939855227,0.524691659,0.855549173
0,0.012758151,0.941865639,0.553551406,0.890376999
0,0.013878272,0.953760302,0.540145274,0.929951326
0,0.004101703,0.932963081,0.491639448,0.812467878
0,0.014750656,0.938917261,0.524691659,0.895697917
0,0.006365659,0.932486915,0.486033247,0.844907337
0,0.004831186,0.926187106,0.467508409,0.861565438
0,0.016738793,0.922162368,0.434456199,0.956193125
0,0.004634619,0.923437496,0.457709745,0.848595701
0,0.002806231,0.918322313,0.459659728,0.805786498
0,0.006426189,0.902805941,0.421147565,0.860718929
0,0.006733208,0.932217075,0.43884366,0.913172295
0,0.009996225,0.934220415,0.446156096,0.921637392
0,0.002490476,0.919565297,0.462243455,0.853039877
0,0.013189974,0.924144819,0.484327012,0.887444448
0,0.012144112,0.939296377,0.519329206,0.887535145
0,0.012263924,0.933426757,0.486618242,0.879614233
0,0.009477662,0.933303016,0.471213377,0.888139795
0,0.007338511,0.928517775,0.460829718,0.889711884
0,0.004684541,0.92285033,0.451567299,0.878888654
0,0.011141307,0.933689965,0.495441915,0.891888624
0,0.006235862,0.931565663,0.479890801,0.879009584
0,0.00736784,0.928096379,0.47082338,0.856395683
0,0.013792157,0.945219705,0.547993955,0.920579254
0,0.008048649,0.922707216,0.435041193,0.904707198
0,0.006863629,0.909104233,0.398089017,0.851074765
0,0.007780319,0.930712591,0.50056062,0.882818877
0,0.007027747,0.934226923,0.471359626,0.882304925
0,0.002517933,0.922632247,0.468873397,0.848867793
0,0.009221188,0.930957649,0.487203237,0.905221151
0,0.010167831,0.932137813,0.494369424,0.899688605
0,0.009084527,0.937764492,0.510505533,0.954107083
0,0.003590004,0.917197512,0.494710671,0.836230613
0,0.019613667,0.938100693,0.506410569,0.937932702
0,0.00645115,0.931505418,0.494271925,0.844998035
0,0.013542547,0.942686735,0.506946814,0.933911782
0,0.005376582,0.940558568,0.481694535,0.923844363
0,0.006716984,0.930706435,0.473992103,0.89962814
0,0.015281076,0.930665889,0.436162434,0.964446594
0,0.009009644,0.952162869,0.549651441,0.91882577
0,0.008687024,0.939991347,0.522644177,0.853342202
0,0.005675489,0.924824551,0.466777166,0.817970191
0,0.007218074,0.940226576,0.521961683,0.86316776
0,0.008424935,0.934749011,0.491785697,0.797926051
0,0.005531964,0.932614518,0.496611905,0.844000363
0,0.011216814,0.930283176,0.473309609,0.897360704
0,0.004572841,0.922891044,0.440647394,0.873900293
0,0.007736013,0.936980618,0.50402184,0.847174774
0,0.011589355,0.937753814,0.512504266,0.883604922
0,0.013908225,0.956362776,0.553697655,0.943283853
0,0.003570036,0.928441239,0.49251694,0.799044653
0,0.011950665,0.936672531,0.50967679,0.872086344
0,0.007047092,0.934067168,0.493589431,0.856758473
0,0.006403724,0.927800753,0.487934481,0.838679445
0,0.018473577,0.907439163,0.474089602,0.958732654
0,0.004375649,0.91442322,0.498220641,0.875411918
0,0.002471131,0.906082763,0.479013309,0.789491187
0,0.005480794,0.913874844,0.454102277,0.852404994
0,0.007899507,0.931605812,0.45941598,0.913504852
0,0.007308558,0.926402305,0.453224784,0.869456118
0,0.002956621,0.938581094,0.465412178,0.840886417
0,0.01815907,0.935363268,0.495929411,0.910149046
0,0.009203715,0.93717918,0.490664457,0.892704901
0,0.015495115,0.933871614,0.475990835,0.881911903
0,0.011733505,0.934103064,0.482425779,0.894942105
0,0.004897333,0.925919461,0.449373568,0.875744475
0,0.006215269,0.916019786,0.490176961,0.907337425
0,0.012479836,0.930828979,0.478038317,0.903407201
0,0.00362183,0.914204165,0.462389704,0.888744445
0,0.00655661,0.92462022,0.483839516,0.885570034
0,0.009477662,0.953478685,0.557938868,0.951779182
0,0.036225784,0.928900931,0.487154487,0.977416332
0,0.003929473,0.89382069,0.370643007,0.818846933
0,0.007584376,0.932072025,0.492321942,0.898358376
0,0.006683286,0.941203052,0.514649247,0.916256009
0,0.003666135,0.930393668,0.482182031,0.859963116
0,0.005447097,0.933143238,0.495880661,0.902832784
0,0.012256436,0.936264322,0.493491932,0.903225806
0,0.011088889,0.928664268,0.473358358,0.955165221
0,0.020525365,0.935300572,0.536245308,0.879463071
0,0.015735988,0.934997107,0.477843319,0.919883907
0,0.005713555,0.934140261,0.495441915,0.827825982
0,0.010484211,0.938595529,0.479939551,0.91250718
0,0.00700341,0.940912881,0.465363428,0.947818726
0,0.007264252,0.925988518,0.488665724,0.931251323
0,0.011322898,0.932936653,0.493784429,0.945521057
0,0.011847077,0.953111695,0.535367816,0.912235088
0,0.01034443,0.938695412,0.520840443,0.859056142
0,0.004708254,0.914831508,0.455467265,0.817788796
0,0.00781152,0.942032511,0.505630576,0.871451462
0,0.010243962,0.946777783,0.578949934,0.863802642
0,0.007203098,0.936456831,0.520645444,0.848716631
0,0.018798069,0.928073833,0.466045922,0.942376878
0,0.001445237,0.921473576,0.446692341,0.867279378
0,0.008394982,0.937092932,0.489055721,0.858391027
0,0.010795598,0.929760728,0.489640716,0.883483992
0,0.01306517,0.958548664,0.558767611,0.929981558
0,0.015263603,0.948545105,0.587871106,0.882214227
0,0.010645833,0.932006132,0.485886998,0.855004988
0,0.007375952,0.936072802,0.497489397,0.879553768
0,0.007845841,0.929182324,0.480914542,0.848746863
0,0.014950343,0.908566796,0.484375762,0.944311757
0,0.006053647,0.90956871,0.497781894,0.866311939
0,0.002144143,0.92657798,0.474772096,0.791093509
0,0.00336286,0.911477911,0.458050992,0.881730508
0,0.008081722,0.931604029,0.461463462,0.910965323
0,0.006979697,0.927679753,0.453371033,0.865314267
0,0.003429006,0.938571317,0.46516843,0.843637573
0,0.018127245,0.93173031,0.465948423,0.907428122
0,0.014475462,0.936503551,0.489981963,0.880521208
0,0.014363762,0.933307678,0.47545459,0.878525864
0,0.013504482,0.936107319,0.483888266,0.89488164
0,0.006025566,0.921160887,0.446399844,0.873718898
0,0.006199669,0.916713674,0.486520743,0.903497899
0,0.015225538,0.929274144,0.48115829,0.910783928
0,0.004535399,0.933285643,0.480085799,0.899658373
0,0.006458638,0.923744988,0.481012041,0.879221211
0,0.010145366,0.957345882,0.546482718,0.964930314
0,0.028020505,0.93274244,0.484278263,0.972307041
0,0.003677992,0.933175173,0.471847121,0.863923572
0,0.009022125,0.933439278,0.494613172,0.900686277
0,0.00829701,0.939380643,0.501340613,0.922635064
0,0.004708254,0.929660777,0.476819578,0.860870091
0,0.017063909,0.93332141,0.499146882,0.913444387
0,0.010805583,0.924175853,0.43313996,0.899779303
0,0.017516326,0.928717756,0.475844586,0.966290776
0,0.010167207,0.939902941,0.520840443,0.91918856
0,0.01687483,0.925708921,0.472773363,0.945823382
0,0.005618079,0.936751051,0.501291864,0.86401427
0,0.009063934,0.937875415,0.474918344,0.910753696
0,0.006335706,0.941121197,0.470335885,0.944311757
0,0.009150673,0.921715037,0.468629649,0.928832724
0,0.020014914,0.932018036,0.476234583,0.965897754
0,0.010255194,0.953806699,0.534100327,0.92550715
0,0.015183104,0.938179034,0.511188027,0.860325906
0,0.005265506,0.884572055,0.388192853,0.842156181
0,0.008316355,0.943305242,0.512748013,0.872993319
0,0.016667655,0.949411764,0.580217423,0.866432869
0,0.006335082,0.935727145,0.506069322,0.839616652
0,0.02119307,0.921093497,0.447179837,0.940381534
0,0.00221341,0.912489551,0.440549895,0.86353055
0,0.007293581,0.93734087,0.485984498,0.852072437
0,0.008249584,0.920920242,0.441963633,0.855367778
0,0.030203962,0.959884171,0.543460245,0.960788463
0,0.020254539,0.950243612,0.599132258,0.918402515
0,0.009732887,0.933419138,0.489250719,0.849623606
0,0.007946309,0.94087023,0.517476722,0.894488617
0,0.007391553,0.933504261,0.47199337,0.868821235
0,0.031666048,0.907023068,0.48003705,0.955074523
0,0.006617764,0.911281935,0.488763223,0.86220032
0,0.00239188,0.924299765,0.474187101,0.788614445
0,0.002959741,0.908878561,0.459757227,0.89367234
0,0.008464872,0.926294451,0.430507483,0.918856003
0,0.00868952,0.926453063,0.473358358,0.862291018
0,0.00336598,0.947738616,0.466045922,0.865707289
0,0.027662316,0.930169427,0.459123483,0.922876924
0,0.010232105,0.9381352,0.492029445,0.882032832
0,0.011513849,0.932895052,0.473748355,0.865556127
0,0.022318183,0.934845169,0.481353288,0.905190918
0,0.005263634,0.91510084,0.444693609,0.86389334
0,0.007688588,0.915301904,0.494271925,0.898116516
0,0.023618647,0.926796878,0.481743285,0.918916468
0,0.008021192,0.932132014,0.470238385,0.906369985
0,0.007833361,0.927877802,0.507336811,0.884511896
0,0.009866428,0.957525622,0.526056647,0.967076821
0,0.049528083,0.930659002,0.482523278,0.978020981
0,0.005475178,0.922765438,0.432116219,0.858270097
0,0.0097566,0.93057569,0.482913275,0.908607189
0,0.00662026,0.94117964,0.511236777,0.902681622
0,0.004003732,0.919950263,0.452737289,0.864346827
0,0.016112898,0.936110395,0.498561888,0.914139735
0,0.01083928,0.934184562,0.5029006,0.903981619
0,0.025475116,0.937617562,0.506751816,0.973667503
0,0.010804958,0.93528332,0.50056062,0.918523445
0,0.015165631,0.940382783,0.475990835,0.935272244
0,0.007838977,0.936168225,0.499341881,0.860749161
0,0.009775321,0.935331081,0.462048457,0.91238625
0,0.007338511,0.927353356,0.453809779,0.924086223
0,0.017265469,0.914823852,0.470725881,0.959186141
0,0.014445509,0.928265787,0.453809779,0.961876833
0,0.017547527,0.954633595,0.538829035,0.903346736
0,0.013174374,0.939240329,0.511821772,0.866251474
0,0.003219959,0.88592088,0.418563838,0.811530671
0,0.008534139,0.943617867,0.524691659,0.848384074
0,0.020338782,0.946166387,0.565105055,0.862351483
0,0.006219637,0.936180961,0.511236777,0.841944554
0,0.029782746,0.917153259,0.462925949,0.951083835
0,0.003344763,0.904146869,0.442353629,0.935876893
0,0.007730397,0.938935219,0.478038317,0.85125616
0,0.009822122,0.921462375,0.488178228,0.850107325
0,0.024795554,0.957802342,0.552771413,0.949904768
0,0.023933155,0.944233393,0.552673914,0.929679233
0,0.009613699,0.92924295,0.461999708,0.833812014
0,0.007305437,0.9394791,0.509335543,0.890709556
0,0.007184377,0.93318209,0.480329547,0.854702663
0,0.048864122,0.910657431,0.46633842,0.947365239
0,0.005634304,0.899061424,0.443036123,0.856456148
0,0.002245859,0.914594855,0.45029981,0.794600478
0,0.004532279,0.904810245,0.457417248,0.895304895
0,0.009462685,0.91593894,0.407058938,0.929225746
0,0.006376891,0.90811391,0.437819919,0.865163104
0,0.002797495,0.944968839,0.48003705,0.901049067
0,0.186486158,0.928451817,0.460927217,0.966714031
0,0.014069223,0.93955191,0.506410569,0.887323518
0,0.013444576,0.931355541,0.465997173,0.903860689
0,0.008033672,0.932370936,0.475064593,0.924267618
0,0.005152558,0.910314455,0.448886072,0.855639871
0,0.007621193,0.90703317,0.447911081,0.887777005
0,0.025600544,0.929706106,0.483742017,0.918190888
0,0.006164723,0.905076146,0.400526495,0.893128156
0,0.00704834,0.928539163,0.485886998,0.861625903
0,0.019410236,0.953820906,0.50631307,0.933035039
0,0.028849208,0.928766325,0.477404573,0.965353569
0,0.004616522,0.862304086,0.364841808,0.819693443
0,0.011236782,0.929628409,0.485204504,0.919369955
0,0.006549746,0.932749725,0.467654658,0.876500287
0,0.004125416,0.917032725,0.460000975,0.859842186
0,0.005994989,0.927861861,0.47087213,0.888835142
0,0.012056749,0.932094064,0.492955687,0.90655138
0,0.025659826,0.93218204,0.474138351,0.973758201
0,0.010889826,0.908817853,0.478915809,0.93073737
0,0.021150636,0.943523555,0.489543216,0.956102428
0,0.010706987,0.935905868,0.496953152,0.851709647
0,0.013415247,0.934599716,0.476088334,0.904676966
0,0.007055204,0.923012151,0.460195973,0.930042023
0,0.021578092,0.921213188,0.501486862,0.960244279
0,0.016149092,0.916793648,0.438453664,0.970493092
0,0.015510092,0.95200163,0.528104129,0.889923512
0,0.009693573,0.936945943,0.497879394,0.862079391
0,0.003759739,0.879228432,0.419100083,0.84348641
0,0.009933198,0.944410595,0.528981621,0.887444448
0,0.009999969,0.946109164,0.565202554,0.855488708
0,0.007425874,0.936067705,0.515867986,0.856063125
0,0.021941897,0.914115933,0.45142105,0.936360613
0,0.01832818,0.897998889,0.446009847,0.95576987
0,0.007550678,0.939191979,0.493248184,0.858572422
0,0.010237722,0.908864895,0.448057329,0.859146839
0,0.036404879,0.95741894,0.537074051,0.965716359
0,0.011854565,0.937424616,0.537025301,0.921607159
0,0.004609658,0.93432826,0.50748306,0.812649273
0,0.006994674,0.925396739,0.451518549,0.835716661
0,0.010275787,0.941017143,0.511919271,0.893007226
0,0.008263937,0.933672185,0.479500804,0.865918916
0,0.041227952,0.923691689,0.472285867,0.948393143
0,0.006309497,0.886368281,0.498561888,0.870121232
0,0.003387197,0.913188734,0.480914542,0.810321371
0,0.006521665,0.904245651,0.465363428,0.91930949
0,0.009531952,0.925450249,0.467605908,0.950116395
0,0.00532354,0.886592752,0.437332423,0.835444569
0,0.003856462,0.939214033,0.469945888,0.931402485
0,0.119110393,0.936608973,0.502559353,0.965383801
0,0.018213984,0.942996562,0.493053186,0.953865224
0,0.188816884,0.927520573,0.467020914,0.941258276
0,0.01637062,0.938638268,0.497830644,0.938567585
0,0.003976275,0.89679543,0.433676205,0.85721196
0,0.007336015,0.912868636,0.494125676,0.87544215
0,0.029742809,0.930083634,0.48340077,0.927653657
0,0.002278932,0.936972262,0.485935748,0.892553738
0,0.00819467,0.933040056,0.501925608,0.861353811
0,0.008310114,0.952456574,0.495003169,0.924630408
0,0.067179822,0.935370497,0.489250719,0.983069807
0,0.008968459,0.879756587,0.496806903,0.846842217
0,0.01208171,0.932024749,0.478720811,0.910844393
0,0.009057694,0.934007704,0.493394433,0.864195665
0,0.005245537,0.907609391,0.47540584,0.880763068
0,0.006797483,0.936059741,0.500024375,0.869909605
0,0.015730996,0.933699801,0.487300736,0.904949058
0,0.029805835,0.921781689,0.461414713,0.972730296
0,0.00613477,0.932922504,0.4799883,0.912235088
0,0.030733133,0.943893358,0.488178228,0.969314025
0,0.007065813,0.933476695,0.471457125,0.843002691
0,0.009243029,0.92926552,0.461170965,0.895818847
0,0.009299815,0.924743136,0.468142154,0.945007105
0,0.034668223,0.912199408,0.48803198,0.969344257
0,0.011452694,0.918698521,0.425437527,0.938839677
0,0.013902609,0.956370842,0.517476722,0.927381564
0,0.010653945,0.936523011,0.488275728,0.85040965
0,0.00564304,0.870210383,0.452932287,0.889016537
0,0.011171884,0.943312578,0.529225369,0.898479306
0,0.010433665,0.953774762,0.607273436,0.886446776
0,0.006768154,0.937068855,0.519914201,0.868609608
0,0.039939969,0.927273093,0.491541949,0.953079179
0,0.018328804,0.89611991,0.495149417,0.969465187
0,0.006822444,0.94086708,0.494028177,0.846146869
0,0.015788406,0.910047569,0.457709745,0.932762947
0,0.03529911,0.956643006,0.530687856,0.95746289
0,0.016639574,0.93508174,0.512065519,0.914139735
0,0.004745071,0.934160166,0.504704334,0.790065604
0,0.010438033,0.941744734,0.544776483,0.844393385
0,0.008380629,0.936282583,0.486228246,0.883302597
0,0.005893897,0.932499307,0.473943353,0.852011972
0,0.054322451,0.923772343,0.483205772,0.953139644
0,0.005382198,0.868128414,0.442012382,0.856093358
0,0.002648978,0.906261335,0.457612246,0.802914412
0,0.00450295,0.899820213,0.448252328,0.930314116
0,0.007607465,0.926046876,0.479062058,0.942618738
0,0.0026989,0.910920673,0.4171501,0.823412039
0,0.00253603,0.937957334,0.469604641,0.900414185
0,0.18373172,0.923963238,0.426900015,0.965081477
0,0.019183715,0.939622035,0.493296934,0.932248995
0,0.282589446,0.928869938,0.473943353,0.942014088
0,0.011546298,0.934160567,0.465558426,0.937721075
0,0.00487362,0.890631751,0.446546093,0.855821266
0,0.008715729,0.928768904,0.467118413,0.872177041
0,0.038257603,0.933105174,0.480573295,0.957523355
0,0.002588447,0.935786293,0.469555891,0.903981619
0,0.003651159,0.915242198,0.435869936,0.844151525
0,0.00806737,0.949747425,0.448642324,0.929679233
0,0.065094961,0.928166251,0.482864525,0.982586087
0,0.010531636,0.934913608,0.493248184,0.885902591
0,0.010768765,0.932932022,0.482084532,0.922090879
0,0.005332277,0.918385132,0.428752498,0.872690994
0,0.004468005,0.927737955,0.458489738,0.886507241
0,0.005850216,0.922550249,0.464193438,0.842579436
0,0.012862362,0.926314372,0.450056062,0.883544457
0,0.039563059,0.916100363,0.428460001,0.974665175
0,0.004950999,0.926176399,0.456101009,0.904404873
0,0.041692226,0.942778582,0.481597036,0.976448892
0,0.006800603,0.927460918,0.453127285,0.809323699
0,0.008605277,0.923515065,0.442061132,0.88807933
0,0.006153491,0.912077218,0.461317213,0.916467636
0,0.033661673,0.920512168,0.523667918,0.97508843
0,0.012984671,0.911279784,0.399844001,0.946276869
0,0.014660797,0.952115287,0.485838249,0.927169937
0,0.014651436,0.934659939,0.476722079,0.892221181
0,0.003127603,0.837131268,0.393847804,0.842609668
0,0.00932228,0.941507546,0.509384293,0.898539771
0,0.008715729,0.939776016,0.508360552,0.895516522
0,0.007916356,0.937312601,0.533076586,0.880400278
0,0.038997694,0.925397183,0.463023449,0.954137316
0,0.060668765,0.915782005,0.388046605,0.988360492
0,0.005915738,0.940901908,0.49027446,0.861081718
0,0.00856222,0.876630372,0.389119095,0.882818877
0,0.063851907,0.955220569,0.522595427,0.976025637
0,0.01535471,0.938784811,0.527275386,0.920156
0,0.004078614,0.92846356,0.467508409,0.781902833
0,0.013948162,0.943852712,0.535270316,0.873084016
0,0.010080468,0.934358588,0.491931946,0.884421199
0,0.018727555,0.9370609,0.479500804,0.892674668
0,0.005966908,0.925737861,0.464632184,0.833721317
0,0.013664232,0.953457671,0.497830644,0.944735012
0,0.013694185,0.935978059,0.484034515,0.835384104
0,0.003978147,0.930025162,0.484668259,0.84433292
0,0.009921966,0.934746642,0.492126944,0.816307404
0,0.014298863,0.936285087,0.498415639,0.907700215
0,0.006794363,0.940561766,0.512553015,0.868579375
0,0.005802166,0.931987718,0.477502072,0.880188651
0,0.027606154,0.940322221,0.522839175,0.956193125
0,0.007624313,0.938078484,0.506215571,0.869335188
0,0.007608713,0.938024231,0.514015502,0.853704991
0,0.00763617,0.937092402,0.524984156,0.834144572
0,0.00585084,0.936075033,0.535172817,0.862623575
0,0.006145379,0.938839883,0.532247843,0.867007286
0,0.022486045,0.956284028,0.509871789,0.936783868
0,0.006101073,0.942778195,0.505630576,0.884149107
0,0.027220508,0.962143869,0.685077756,0.956041963
0,0.011183116,0.93989475,0.499926876,0.865677057
0,0.020169048,0.937335938,0.50168186,0.926958309
0,0.023410847,0.955831533,0.528786623,0.941318741
0,0.009110112,0.95326689,0.63315946,0.875653778
0,0.011206205,0.941199498,0.501340613,0.868156121
0,0.007124471,0.935737733,0.499000634,0.842367808
0,0.007094518,0.938991854,0.527324136,0.847446866
0,0.006566594,0.938425429,0.508409301,0.874263083
0,0.008781252,0.950197769,0.571198752,0.900293255
0,0.007370336,0.925514135,0.437429922,0.853493364
0,0.008756291,0.944620766,0.551406425,0.894307223
0,0.009555664,0.934900529,0.478038317,0.885177011
0,0.009289831,0.941920262,0.438209916,0.892402576
0,0.005238049,0.93970396,0.485594501,0.841400369
0,0.011722272,0.930517088,0.495051918,0.874897965
0,0.020190889,0.964002893,0.506800565,0.939867582
0,0.021574972,0.947957821,0.605225954,0.943646643
0,0.01345768,0.944601709,0.527567884,0.930162953
0,0.005566909,0.940033253,0.517330473,0.860295674
0,0.006761913,0.932482347,0.488568225,0.863742177
0,0.005224321,0.940307272,0.556866377,0.843425946
0,0.01339715,0.947774119,0.495685663,0.927562959
0,0.022934718,0.934507226,0.474479598,0.94410013
0,0.007989991,0.923744946,0.427143762,0.862835203
0,0.00866768,0.938799674,0.52225418,0.888381655
0,0.014019925,0.956547891,0.514405499,0.914139735
0,0.007956293,0.938618976,0.486081997,0.836018986
0,0.00976284,0.934909851,0.488275728,0.843425946
0,0.005769093,0.951601041,0.499829376,0.902349064
0,0.011945673,0.935317268,0.519085458,0.878949119
0,0.010412448,0.95648845,0.532832838,0.90594673
0,0.006341946,0.876614172,0.474723346,0.887504913
0,0.006640853,0.935824,0.475308341,0.796021405
0,0.004755679,0.941588484,0.561010091,0.806481845
0,0.011296065,0.951957435,0.551162677,0.884179339
0,0.006944128,0.933854274,0.482815775,0.836200381
0,0.009694198,0.936714971,0.498123141,0.852798017
0,0.008550987,0.937480519,0.521425438,0.839677117
0,0.00753383,0.937122572,0.480719544,0.864225897
0,0.007454579,0.931689212,0.48232828,0.828642259
0,0.004356929,0.940419088,0.561692585,0.81419113
0,0.007318542,0.933205279,0.490371959,0.821688787
0,0.009863308,0.946216117,0.516452981,0.903346736
0,0.007888899,0.929475248,0.457319748,0.821960879
0,0.010270795,0.944664924,0.496806903,0.866009614
0,0.021559371,0.935497113,0.485643251,0.937116425
0,0.006657078,0.937772756,0.490810705,0.896121172
0,0.015676706,0.940169026,0.514600497,0.929830396
0,0.00872197,0.934256225,0.507629308,0.865435197
0,0.009187491,0.935244061,0.496611905,0.877377029
0,0.00742837,0.933778021,0.474138351,0.866100311
0,0.003983763,0.93138742,0.486569493,0.839132932
0,0.015111965,0.949083543,0.47657583,0.94422106
0,0.010484835,0.932801502,0.484083264,0.820449255
0,0.003972531,0.930824382,0.494028177,0.853704991
0,0.008842406,0.928766071,0.450543558,0.813314388
0,0.011449574,0.936282639,0.502656852,0.88928863
0,0.007752238,0.932457276,0.495149417,0.833570154
0,0.006522913,0.908513597,0.405498952,0.870604952
0,0.036260105,0.920385962,0.454979769,0.970039605
0,0.007477044,0.937110599,0.501974358,0.87580494
0,0.008481097,0.939544458,0.526495393,0.854128246
0,0.005238049,0.933933805,0.507824307,0.835414336
0,0.004762544,0.930714608,0.496660654,0.833993409
0,0.004798737,0.932573945,0.489396968,0.841067811
0,0.020630201,0.954728824,0.511919271,0.929165281
0,0.007689836,0.933020144,0.459172232,0.887263053
0,0.02792191,0.957593178,0.641739385,0.964658222
0,0.010853008,0.937894752,0.500950617,0.865344499
0,0.022157185,0.935531148,0.493833179,0.928923421
0,0.019362186,0.954915635,0.551893921,0.926837379
0,0.013883888,0.94919459,0.580168674,0.897844424
0,0.009116352,0.93791471,0.49826939,0.834688757
0,0.005884537,0.935386716,0.504655584,0.820781812
0,0.008499193,0.943899111,0.554672647,0.8629259
0,0.007086405,0.932926469,0.482377029,0.860809626
0,0.009532576,0.948859532,0.541364013,0.904223479
0,0.009231172,0.931966055,0.498854385,0.86851891
0,0.008620254,0.94497629,0.577389948,0.858904979
0,0.009191859,0.936925352,0.500804368,0.875714243
0,0.008980939,0.953402803,0.555550139,0.893853735
0,0.006669558,0.938646235,0.484668259,0.823502736
0,0.012968446,0.911170023,0.5600351,0.906521148
0,0.021466392,0.966468347,0.51884171,0.94289083
0,0.00911136,0.941631853,0.569443767,0.873597968
0,0.009680469,0.93916606,0.536927802,0.890528162
0,0.005335397,0.93655587,0.494418174,0.853100342
0,0.006492335,0.933621871,0.499293131,0.851558485
0,0.00489234,0.932288354,0.511139278,0.818242283
0,0.007322286,0.932458977,0.499780627,0.815672522
0,0.014326944,0.947106303,0.490859455,0.937811773
0,0.021606797,0.933687526,0.489981963,0.941379206
0,0.00705146,0.923820725,0.438648662,0.835384104
0,0.008693265,0.936250132,0.508214303,0.859388699
0,0.011856437,0.954636437,0.513333008,0.90180488
0,0.008829302,0.943300628,0.518695461,0.831907368
0,0.009181875,0.935903188,0.499049383,0.839888744
0,0.005243665,0.948763485,0.500170624,0.903286271
0,0.011466423,0.936853782,0.529859114,0.881246788
0,0.009233045,0.946183059,0.504168089,0.883151435
0,0.022543455,0.942993619,0.536976551,0.955165221
0,0.006634613,0.936425643,0.489738215,0.789944675
0,0.009528207,0.942497055,0.56232633,0.863681712
0,0.008957226,0.953370661,0.563106323,0.876318892
0,0.009163154,0.938470583,0.482035782,0.841279439
0,0.005037738,0.936689971,0.51313801,0.834235269
0,0.009503871,0.93715812,0.487544484,0.894186293
0,0.005829623,0.932528568,0.484668259,0.818635305
0,0.004459892,0.940982054,0.562131331,0.820207395
0,0.006950368,0.934401408,0.499683128,0.816126009
0,0.014503543,0.952157467,0.570077512,0.917314146
0,0.008164717,0.935629281,0.505289329,0.820177162
0,0.011334754,0.943479871,0.551650173,0.860446836
0,0.031222992,0.939629009,0.508068054,0.955255918
0,0.004074246,0.936853339,0.505630576,0.836442241
0,0.008323219,0.893449685,0.336274558,0.893339783
0,0.014325696,0.942685202,0.524057914,0.907428122
0,0.008958474,0.940402925,0.526300395,0.857272425
0,0.009113856,0.936062849,0.491736947,0.873900293
0,0.007353487,0.934508615,0.472870862,0.868125888
0,0.003521986,0.92607157,0.468093404,0.823623666
0,0.018656416,0.95288335,0.493784429,0.93705596
0,0.008674544,0.933797943,0.507044313,0.857363122
0,0.008552235,0.93771449,0.504314337,0.866765426
0,0.010036786,0.930258877,0.462292205,0.869274723
0,0.006241478,0.934972732,0.492955687,0.842035251
0,0.003843982,0.931873393,0.476332082,0.9070351
0,0.023548756,0.914232619,0.486715741,0.949844303
0,0.008235856,0.93275628,0.478672062,0.865314267
0,0.007226811,0.943623576,0.532784088,0.848142214
0,0.006526657,0.939237017,0.525032906,0.830818998
0,0.007073925,0.944883247,0.529274119,0.884330502
0,0.004552248,0.934498079,0.508263053,0.844514315
0,0.014767505,0.956291271,0.525227904,0.908214167
0,0.00687611,0.921566125,0.473065861,0.833902712
0,0.011555034,0.960503507,0.602349729,0.91991414
0,0.008615262,0.931516836,0.480329547,0.820691115
0,0.009796537,0.948400176,0.573538732,0.874232851
0,0.014808066,0.954612569,0.550382684,0.910935091
0,0.030731885,0.941993955,0.507239312,0.843788735
0,0.007327902,0.933112654,0.463559694,0.779998186
0,0.012233347,0.937299883,0.506118071,0.842488738
0,0.012127887,0.942984806,0.512553015,0.912416483
0,0.00721745,0.94098155,0.528640374,0.854067781
0,0.006353178,0.939054463,0.481402038,0.841309671
0,0.01079123,0.939865621,0.506361819,0.906218823
0,0.014423044,0.937200927,0.51659923,0.828188772
0,0.00964178,0.939410986,0.504265588,0.895788614
0,0.006678294,0.955398954,0.568468776,0.860688696
0,0.005995613,0.944994485,0.520401696,0.839979442
0,0.010585926,0.936434607,0.511870521,0.899900233
0,0.008458008,0.938943256,0.513284259,0.890921184
0,0.014092936,0.956859948,0.626529518,0.887081658
0,0.010972197,0.962895742,0.508506801,0.901835112
0,0.010104805,0.946798701,0.574513723,0.875472383
0,0.011668606,0.94006141,0.55428265,0.872086344
0,0.011946921,0.946947907,0.57943743,0.877860749
0,0.008965339,0.949606879,0.563886316,0.884874686
0,0.014421172,0.942032997,0.538780286,0.909514164
0,0.005149438,0.935535672,0.530395359,0.854611966
0,0.006640853,0.93928696,0.535319066,0.866251474
0,0.01790634,0.96430997,0.674889095,0.931976902
0,0.004269565,0.955422032,0.611222152,0.84372827
0,0.006939136,0.93658231,0.519329206,0.837621308
0,0.008716353,0.939549256,0.495344416,0.830546906
0,0.01779464,0.945303077,0.481207039,0.941590834
0,0.010755661,0.937423377,0.495588164,0.897179309
0,0.006374395,0.932429789,0.482913275,0.829609699
0,0.008969707,0.936936759,0.507678058,0.879281676
0,0.013035217,0.959685282,0.540730269,0.890649092
0,0.013424607,0.945670069,0.547213962,0.849049188
0,0.00915317,0.939583325,0.519182957,0.835867824
0,0.006391244,0.951726509,0.518646712,0.897844424
0,0.010613383,0.93789829,0.511285526,0.912839738
0,0.007136951,0.934107598,0.477794569,0.827674819
0,0.019229893,0.936788493,0.510066787,0.872690994
0,0.007585624,0.933615286,0.486081997,0.789219095
0,0.008369397,0.94040685,0.540096524,0.891737461
0,0.010368142,0.958618805,0.599522254,0.887293285
0,0.009013388,0.925639437,0.427533759,0.854672431
0,0.005043354,0.939518772,0.535075318,0.841823624
0,0.007528838,0.939305739,0.493053186,0.839918977
0,0.005012777,0.934395839,0.505874324,0.803760921
0,0.006902943,0.956542518,0.630429484,0.866553799
0,0.005095772,0.937760353,0.521669185,0.823532969
0,0.013648007,0.960209115,0.570760006,0.915167639
0,0.009307927,0.937707931,0.512894262,0.828188772
0,0.017981223,0.937314597,0.451859796,0.916316474
0,0.010735068,0.943119311,0.518207966,0.895032802
0,0.005770965,0.942421319,0.529859114,0.859418932
0,0.005141326,0.928994327,0.585482377,0.85173988
0,0.014582794,0.954640513,0.55540389,0.9249025
0,0.01014911,0.944456813,0.517330473,0.882516552
0,0.01018468,0.953819101,0.621508312,0.890528162
0,0.008904808,0.938421642,0.491980695,0.886597938
0,0.00754943,0.935486431,0.479305806,0.879584001
0,0.003866447,0.92737305,0.476137084,0.831967833
0,0.014999017,0.951751079,0.495441915,0.931160625
0,0.008834294,0.934529191,0.503875591,0.842125949
0,0.007877667,0.938741209,0.51425925,0.841853856
0,0.011257999,0.93274273,0.472578365,0.887928168
0,0.005549437,0.928737931,0.464242188,0.829337606
0,0.004625259,0.911649554,0.471554624,0.915711824
0,0.019875133,0.934253619,0.495539414,0.941500136
0,0.007030243,0.934229832,0.486715741,0.833056202
0,0.007882659,0.942012048,0.523229172,0.85065151
0,0.007994359,0.929458369,0.487203237,0.809202769
0,0.006040543,0.942605872,0.507288061,0.861777066
0,0.007183753,0.934428339,0.516014235,0.846993379
0,0.011677967,0.957008184,0.510700531,0.911207183
0,0.003976899,0.914192033,0.430214986,0.825044593
0,0.007622441,0.951975128,0.565641301,0.848656166
0,0.013481393,0.935559631,0.494223176,0.849714303
0,0.008548491,0.95084176,0.567250037,0.847809656
0,0.015614928,0.952524619,0.534441574,0.913051365
0,0.011418997,0.936312642,0.488714474,0.855518941
0,0.008235856,0.936110674,0.481548286,0.805937661
0,0.008720722,0.939408971,0.530736606,0.821991112
0,0.013125076,0.934846561,0.477404573,0.929709466
0,0.00992571,0.94198493,0.534539073,0.837198053
0,0.007190617,0.926719098,0.445034856,0.83970735
0,0.016040512,0.941338515,0.526495393,0.882456087
0,0.007037732,0.929490926,0.469409643,0.843788735
0,0.005370342,0.948651625,0.517330473,0.843456178
0,0.006736328,0.944430192,0.528542875,0.863802642
0,0.00878562,0.939262547,0.536635304,0.863016598
0,0.010881713,0.934548933,0.491151952,0.843153853
0,0.01230823,0.955725339,0.604835958,0.897118844
0,0.010650825,0.949492096,0.5942573,0.887081658
0,0.010140374,0.939765131,0.511285526,0.897028146
0,0.008424311,0.942835225,0.550041437,0.842579436
0,0.010272043,0.945027048,0.527177887,0.900807207
0,0.013759083,0.952673374,0.547360211,0.896604892
0,0.009336008,0.949423645,0.549651441,0.859328234
0,0.006217141,0.934817833,0.5028031,0.866251474
0,0.008097323,0.945167885,0.544776483,0.856939868
0,0.011978122,0.946757439,0.561205089,0.948483841
0,0.005365974,0.95128404,0.510603032,0.868246818
0,0.012879835,0.935901297,0.504216838,0.91286997
0,0.005346629,0.952762164,0.655048018,0.844665478
0,0.010683274,0.937080913,0.517281724,0.841491066
0,0.01029326,0.935103655,0.482718276,0.867672401
0,0.021098218,0.94338736,0.484473261,0.938930375
0,0.010750668,0.927488984,0.437283674,0.858511957
0,0.007804656,0.934449827,0.487105738,0.817667866
0,0.014667037,0.963298891,0.517281724,0.904404873
0,0.009642404,0.94446169,0.532881587,0.861565438
0,0.015340982,0.937370132,0.504850583,0.840432929
0,0.007722909,0.950748555,0.513040511,0.906883937
0,0.012575312,0.930870703,0.488568225,0.895849079
0,0.00541964,0.923287833,0.451908546,0.827825982
0,0.012105422,0.943400134,0.547603958,0.92502343
0,0.006672678,0.936412557,0.495636913,0.789702815
0,0.004317615,0.929541384,0.46975089,0.82707017
0,0.014848004,0.961581367,0.581387413,0.923693201
0,0.010547861,0.936924982,0.500950617,0.842277111
0,0.007355359,0.934154613,0.508945547,0.853070109
0,0.007610585,0.935424655,0.46975089,0.845814312
0,0.00455412,0.927788328,0.47087213,0.784744687
0,0.009555664,0.9584787,0.611514649,0.88091423
0,0.005213712,0.937444961,0.510651782,0.815612057
0,0.015953772,0.96944533,0.578559938,0.923995526
0,0.009983744,0.943061117,0.516452981,0.839858512
0,0.01610541,0.926034169,0.409983913,0.922695529
0,0.016564691,0.948750783,0.524740409,0.931251323
0,0.009493886,0.944317708,0.523326671,0.88103516
0,0.010324461,0.960504512,0.629405743,0.927865284
0,0.012647698,0.95026152,0.549505192,0.914109502
0,0.007785935,0.939377959,0.508506801,0.857544517
0,0.009149425,0.94720107,0.541607761,0.896483962
0,0.006487967,0.940582116,0.500853118,0.874928198
0,0.008046777,0.936578649,0.487690733,0.894851407
0,0.00396005,0.924721755,0.471213377,0.836049218
0,0.013490754,0.952590063,0.490128211,0.928288539
0,0.008733826,0.933843551,0.49261444,0.838770142
0,0.008240848,0.937961268,0.50397309,0.854188711
0,0.011291696,0.932966816,0.472529615,0.885479336
0,0.005882041,0.931824637,0.470530883,0.821537624
0,0.0059719,0.912530434,0.46741091,0.920942044
0,0.023016465,0.939853583,0.490371959,0.947153611
0,0.007510741,0.935131568,0.498561888,0.817758563
0,0.007758478,0.938924334,0.504899332,0.852888714
0,0.00546769,0.932178254,0.501096865,0.813556248
0,0.00412604,0.941469106,0.503924341,0.850379418
0,0.005327284,0.933999061,0.508896797,0.828400399
0,0.011256751,0.95776873,0.498854385,0.912597878
0,0.004592809,0.892295787,0.459269731,0.83825619
0,0.012491693,0.95060972,0.542923999,0.851407322
0,0.010243338,0.939352415,0.519134208,0.855851498
0,0.011542554,0.954673848,0.578657437,0.858784049
0,0.021306018,0.953328187,0.506556818,0.933216434
0,0.012074221,0.942864746,0.529420368,0.85805847
0,0.010154727,0.940807148,0.4971969,0.848958491
0,0.006293272,0.936959675,0.507288061,0.819149258
0,0.011776562,0.939260077,0.50738556,0.922997853
0,0.00450607,0.93051773,0.467703408,0.830244581
0,0.007955045,0.927915289,0.474479598,0.826616682
0,0.019391515,0.948858006,0.567688783,0.896846752
